gvkey,combine,call_title,firm_full_name,firm_name,ticker,call_type,date_EST,time_EST,time_raw,call_participants,call_participants_titles
9125,0,"Richardson Electronics, Ltd., Q3 2020 Earnings Call, Apr 09, 2020","Richardson Electronics, Ltd. NasdaqGS:RELL","Richardson Electronics, Ltd.",NasdaqGS:RELL,FQ3 2020 Earnings Call Transcripts,4/9/20,4/9/20 9:00,"Thursday, April 09, 2020 2:00 PM GMT","{'EXECUTIVES': ['Edward J. Richardson', 'Gregory J. Peloquin', 'Jens Ruppert', 'Robert J. Ben', 'Wendy S. Diddell'], 'ANALYSTS': ['Eric Landry', 'Harry Sauers;Sauers Value Partners;Analyst', 'Marc Silk']}","{'Edward J. Richardson': 'CEO, COO, President & Chairman', 'Gregory J. Peloquin': 'Executive Vice President of Power & Microwave Technologies Group', 'Jens Ruppert': 'Executive VP & GM of Canvys', 'Robert J. Ben': 'Executive VP, CFO, Chief Accounting Officer & Corporate Secretary', 'Wendy S. Diddell': 'COO & Executive VP of Corporate Development', 'Eric Landry': 'BML Capital Management, LLC', 'Harry Sauers;Sauers Value Partners;Analyst': '', 'Marc Silk': 'Silk Investment Advisers'}"
64929,0,"Simulations Plus, Inc., Q2 2020 Earnings Call, Apr 09, 2020","Simulations Plus, Inc. NasdaqCM:SLP","Simulations Plus, Inc.",NasdaqCM:SLP,FQ2 2020 Earnings Call Transcripts,4/9/20,4/9/20 15:15,"Thursday, April 09, 2020 8:15 PM GMT","{'EXECUTIVES': ['John R. Kneisel', ""Shawn M. O'Connor""], 'ANALYSTS': ['Matthew Gregory Hewitt'], 'ATTENDEES': ['Cameron Donahue']}","{'John R. Kneisel': 'CFO & Corporate Secretary', ""Shawn M. O'Connor"": 'Chief Executive Officer', 'Matthew Gregory Hewitt': 'Craig-Hallum Capital Group LLC, Research Division', 'Cameron Donahue': 'Hayden IR, LLC'}"
23705,0,"PAVmed Inc., Q4 2019 Earnings Call, Apr 09, 2020",PAVmed Inc. NasdaqCM:PAVM,PAVmed Inc.,NasdaqCM:PAVM,FQ4 2019 Earnings Call Transcripts,4/9/20,4/9/20 15:30,"Thursday, April 09, 2020 8:30 PM GMT","{'EXECUTIVES': ['Dennis M. McGrath', 'Lishan Aklog', 'Mike Havrilla'], 'ANALYSTS': ['Anthony V. Vendetti', 'John Andrew Levin', 'Unknown Analyst']}","{'Dennis M. McGrath': 'President, CFO & Secretary', 'Lishan Aklog': 'Chairman & CEO', 'Mike Havrilla': 'Director of Investor Relations', 'Anthony V. Vendetti': 'Maxim Group LLC, Research Division', 'John Andrew Levin': 'Levin Capital Strategies, L.P.', 'Unknown Analyst': ''}"
61712,0,"Blonder Tongue Laboratories, Inc., Q4 2019 Earnings Call, Apr 09, 2020","Blonder Tongue Laboratories, Inc. AMEX:BDR","Blonder Tongue Laboratories, Inc.",AMEX:BDR,FQ4 2019 Earnings Call Transcripts,4/9/20,4/9/20 10:00,"Thursday, April 09, 2020 3:00 PM GMT","{'EXECUTIVES': ['Edward Rowland Grauch', 'Eric S. Skolnik'], 'ATTENDEES': ['Unknown Attendee']}","{'Edward Rowland Grauch': 'President & CEO', 'Eric S. Skolnik': 'Senior VP, CFO, Treasurer & Secretary', 'Unknown Attendee': ''}"
65343,0,"PriceSmart, Inc., Q2 2020 Earnings Call, Apr 09, 2020","PriceSmart, Inc. NasdaqGS:PSMT","PriceSmart, Inc.",NasdaqGS:PSMT,FQ2 2020 Earnings Call Transcripts,4/9/20,4/9/20 11:00,"Thursday, April 09, 2020 4:00 PM GMT","{'EXECUTIVES': ['Michael L. McCleary', 'Sherry S. Bahrambeygui'], 'ANALYSTS': ['Jonathan Paul Braatz', 'Rodrigo Echagaray']}","{'Michael L. McCleary': 'Executive VP, CFO & Principal Accounting Officer', 'Sherry S. Bahrambeygui': 'CEO & Director', 'Jonathan Paul Braatz': 'Kansas City Capital Associates', 'Rodrigo Echagaray': 'Scotiabank Global Banking and Markets, Research Division'}"
11234,0,"WD-40 Company, Q2 2020 Earnings Call, Apr 09, 2020",WD-40 Company NasdaqGS:WDFC,WD-40 Company,NasdaqGS:WDFC,FQ2 2020 Earnings Call Transcripts,4/9/20,4/9/20 16:00,"Thursday, April 09, 2020 9:00 PM GMT","{'EXECUTIVES': ['Garry O. Ridge', 'Jay W. Rembolt', 'Steven A. Brass', 'Wendy Kelley'], 'ANALYSTS': ['Daniel Dalton Rizzo', 'Linda Ann Bolton-Weiser']}","{'Garry O. Ridge': 'Chairman & CEO', 'Jay W. Rembolt': 'CFO, VP of Finance & Treasurer', 'Steven A. Brass': 'President & COO', 'Wendy Kelley': 'Director of Investor Relations & Corporate Communications', 'Daniel Dalton Rizzo': 'Jefferies LLC, Research Division', 'Linda Ann Bolton-Weiser': 'D.A. Davidson & Co., Research Division'}"
61732,0,"MSC Industrial Direct Co., Inc., Q2 2020 Earnings Call, Apr 08, 2020","MSC Industrial Direct Co., Inc. NYSE:MSM","MSC Industrial Direct Co., Inc.",NYSE:MSM,FQ2 2020 Earnings Call Transcripts,4/8/20,4/8/20 7:30,"Wednesday, April 08, 2020 12:30 PM GMT","{'EXECUTIVES': ['Erik David Gershwind', 'John G. Chironna'], 'ANALYSTS': ['Adam William Uhlman', 'David John Manthey', 'Hamzah Mazari', 'John George Inch', 'Michael Lawrence McGinn', 'Patrick Michael Baumann', 'Robert Stephen Barger', 'Ryan James Merkel', 'Samuel John Darkatsh']}","{'Erik David Gershwind': 'President, CEO & Director', 'John G. Chironna': 'VP of Investor Relations & Treasurer', 'Adam William Uhlman': 'Cleveland Research Company', 'David John Manthey': 'Robert W. Baird & Co. Incorporated, Research Division', 'Hamzah Mazari': 'Jefferies LLC, Research Division', 'John George Inch': 'Gordon Haskett Research Advisors', 'Michael Lawrence McGinn': 'Wells Fargo Securities, LLC, Research Division', 'Patrick Michael Baumann': 'JP Morgan Chase & Co, Research Division', 'Robert Stephen Barger': 'KeyBanc Capital Markets Inc., Research Division', 'Ryan James Merkel': 'William Blair & Company L.L.C., Research Division', 'Samuel John Darkatsh': 'Raymond James & Associates, Inc., Research Division'}"
8902,0,"RPM International Inc., Q3 2020 Earnings Call, Apr 08, 2020",RPM International Inc. NYSE:RPM,RPM International Inc.,NYSE:RPM,FQ3 2020 Earnings Call Transcripts,4/8/20,4/8/20 9:00,"Wednesday, April 08, 2020 2:00 PM GMT","{'EXECUTIVES': ['Silke Kueck-Valdes', 'Steve Byrne', 'Vincent Stephen Andrews', 'Frank C. Sullivan', 'Matthew T. Ratajczak', 'Russell L. Gordon'], 'ANALYSTS': ['Arun Shankar Viswanathan', 'Frank Joseph Mitsch', 'Ghansham Panjabi', 'John Patrick McNulty', 'Joshua David Spector', 'Kevin William Hocevar', 'Kevin William McCarthy', 'Michael Joseph Harrison', 'Rosemarie Jeanne Morbelli']}","{'Silke Kueck-Valdes': 'JP Morgan Chase & Co, Research Division', 'Steve Byrne': 'BofA Merrill Lynch, Research Division', 'Vincent Stephen Andrews': 'Morgan Stanley, Research Division', 'Frank C. Sullivan': 'Chairman, President & CEO', 'Matthew T. Ratajczak': 'VP of Global Tax & Treasurer', 'Russell L. Gordon': 'VP & CFO', 'Arun Shankar Viswanathan': 'RBC Capital Markets, Research Division', 'Frank Joseph Mitsch': 'Fermium Research, LLC', 'Ghansham Panjabi': 'Robert W. Baird & Co. Incorporated, Research Division', 'John Patrick McNulty': 'BMO Capital Markets Equity Research', 'Joshua David Spector': 'UBS Investment Bank, Research Division', 'Kevin William Hocevar': 'Northcoast Research Partners, LLC', 'Kevin William McCarthy': 'Vertical Research Partners, LLC', 'Michael Joseph Harrison': 'Seaport Global Securities LLC, Research Division', 'Rosemarie Jeanne Morbelli': 'Morgan Group Holding Co.'}"
5888,0,"Teligent, Inc., Q4 2019 Earnings Call, Apr 08, 2020","Teligent, Inc. NasdaqGS:TLGT","Teligent, Inc.",NasdaqGS:TLGT,FQ4 2019 Earnings Call Transcripts,4/8/20,4/8/20 7:00,"Wednesday, April 08, 2020 12:00 PM GMT","{'EXECUTIVES': ['Damian Finio', 'Timothy B. Sawyer'], 'ANALYSTS': ['Matthew Gregory Hewitt']}","{'Damian Finio': 'Corporate Secretary & CFO', 'Timothy B. Sawyer': 'President & CEO', 'Matthew Gregory Hewitt': 'Craig-Hallum Capital Group LLC, Research Division'}"
31494,0,"SMART Global Holdings, Inc., Q2 2020 Earnings Call, Apr 07, 2020","SMART Global Holdings, Inc. NasdaqGS:SGH","SMART Global Holdings, Inc.",NasdaqGS:SGH,FQ2 2020 Earnings Call Transcripts,4/7/20,4/7/20 15:30,"Tuesday, April 07, 2020 8:30 PM GMT","{'EXECUTIVES': ['Ajay B. Shah', 'Jack A. Pacheco', 'Suzanne Schmidt'], 'ANALYSTS': ['Blayne Peter Curtis', 'Brian Edward Chin', 'Mark John Lipacis', 'Rajvindra S. Gill', 'Shek Ming Ho', 'Suji Desilva']}","{'Ajay B. Shah': 'Chairman, CEO & President', 'Jack A. Pacheco': 'Executive VP, COO & CFO', 'Suzanne Schmidt': 'Investor Relations Officer', 'Blayne Peter Curtis': 'Barclays Bank PLC, Research Division', 'Brian Edward Chin': 'Stifel, Nicolaus & Company, Incorporated, Research Division', 'Mark John Lipacis': 'Jefferies LLC, Research Division', 'Rajvindra S. Gill': 'Needham & Company, LLC, Research Division', 'Shek Ming Ho': 'Deutsche Bank AG, Research Division', 'Suji Desilva': 'Roth Capital Partners, LLC, Research Division'}"
8826,0,"Pure Cycle Corporation, Q2 2020 Earnings Call, Apr 07, 2020",Pure Cycle Corporation NasdaqCM:PCYO,Pure Cycle Corporation,NasdaqCM:PCYO,FQ2 2020 Earnings Call Transcripts,4/7/20,4/7/20 15:00,"Tuesday, April 07, 2020 8:00 PM GMT","{'EXECUTIVES': ['Mark W. Harding'], 'ANALYSTS': ['Unknown Analyst', 'William Miller;JM Hartwell LP;Principal/Portfolio Manager']}","{'Mark W. Harding': 'President, CEO & Director', 'Unknown Analyst': '', 'William Miller;JM Hartwell LP;Principal/Portfolio Manager': ''}"
19209,0,"Northern Technologies International Corporation, Q2 2020 Earnings Call, Apr 07, 2020","Northern Technologies International 
Corporation NasdaqGM:NTIC",Northern Technologies International Corporation,NasdaqGM:NTIC,FQ2 2020 Earnings Call Transcripts,4/7/20,4/7/20 8:00,"Tuesday, April 07, 2020 1:00 PM GMT","{'EXECUTIVES': ['G. Patrick Lynch', 'Matthew C. Wolsfeld', 'Vineet R. Dalal'], 'ANALYSTS': ['Auguste Philip Richard', 'Timothy Clarkson', 'Unknown Analyst']}","{'G. Patrick Lynch': 'President, CEO & Director', 'Matthew C. Wolsfeld': 'CFO & Corporate Secretary', 'Vineet R. Dalal': 'VP & Director of Global Market Development - Natur-Tec', 'Auguste Philip Richard': 'Northland Capital Markets, Research Division', 'Timothy Clarkson': 'Van Clemens & Co., Inc.', 'Unknown Analyst': ''}"
14954,0,"Lindsay Corporation, Q2 2020 Earnings Call, Apr 07, 2020",Lindsay Corporation NYSE:LNN,Lindsay Corporation,NYSE:LNN,FQ2 2020 Earnings Call Transcripts,4/7/20,4/7/20 10:00,"Tuesday, April 07, 2020 3:00 PM GMT","{'EXECUTIVES': ['Brian L. Ketcham', 'Timothy L. Hassinger'], 'ANALYSTS': ['Brian Paul Drab', 'Christopher Lawrence Shaw', 'Jonathan Paul Braatz', 'Joseph Logan Mondillo', 'Nathan Hardie Jones', 'Ryan Michael Connors']}","{'Brian L. Ketcham': 'Senior VP & CFO', 'Timothy L. Hassinger': 'President, CEO & Director', 'Brian Paul Drab': 'William Blair & Company L.L.C., Research Division', 'Christopher Lawrence Shaw': 'Monness, Crespi, Hardt & Co., Inc., Research Division', 'Jonathan Paul Braatz': 'Kansas City Capital Associates', 'Joseph Logan Mondillo': 'Sidoti & Company, LLC', 'Nathan Hardie Jones': 'Stifel, Nicolaus & Company, Incorporated, Research Division', 'Ryan Michael Connors': 'Boenning and Scattergood, Inc., Research Division'}"
264387,0,"AngioDynamics, Inc., Q3 2020 Earnings Call, Apr 07, 2020","AngioDynamics, Inc. NasdaqGS:ANGO","AngioDynamics, Inc.",NasdaqGS:ANGO,FQ3 2020 Earnings Call Transcripts,4/7/20,4/7/20 7:00,"Tuesday, April 07, 2020 12:00 PM GMT","{'EXECUTIVES': ['James C. Clemmer', 'Stephen A. Trowbridge'], 'ANALYSTS': ['Jason Richard Mills', 'Jayson Tyler Bedford', 'Matthew Ian Mishan']}","{'James C. Clemmer': 'CEO, President & Director', 'Stephen A. Trowbridge': 'Executive VP & CFO', 'Jason Richard Mills': 'Canaccord Genuity Corp., Research Division', 'Jayson Tyler Bedford': 'Raymond James & Associates, Inc., Research Division', 'Matthew Ian Mishan': 'KeyBanc Capital Markets Inc., Research Division'}"
16476,0,"Levi Strauss  Co., Q1 2020 Earnings Call, Apr 07, 2020",Levi Strauss & Co. NYSE:LEVI,Levi Strauss & Co.,NYSE:LEVI,FQ1 2020 Earnings Call Transcripts,4/7/20,4/7/20 16:00,"Tuesday, April 07, 2020 9:00 PM GMT","{'EXECUTIVES': ['Aida Orphan', 'Charles Victor Bergh', 'Harmit J. Singh'], 'ANALYSTS': ['Dana Lauren Telsey', 'Heather Nicole Balsky', 'Jay Daniel Sole', 'Kimberly Conroy Greenberger', 'Matthew Robert Boss', 'Omar Regis Saad', 'Paul Lawrence Lejuez', 'Robert Scott Drbul']}","{'Aida Orphan': 'Senior Director of Investor Relations & Risk Management', 'Charles Victor Bergh': 'President, CEO & Director', 'Harmit J. Singh': 'Executive VP & CFO', 'Dana Lauren Telsey': 'Telsey Advisory Group LLC', 'Heather Nicole Balsky': 'BofA Merrill Lynch, Research Division', 'Jay Daniel Sole': 'UBS Investment Bank, Research Division', 'Kimberly Conroy Greenberger': 'Morgan Stanley, Research Division', 'Matthew Robert Boss': 'JP Morgan Chase & Co, Research Division', 'Omar Regis Saad': 'Evercore ISI Institutional Equities, Research Division', 'Paul Lawrence Lejuez': 'Citigroup Inc, Research Division', 'Robert Scott Drbul': 'Guggenheim Securities, LLC, Research Division'}"
30463,0,"The Greenbrier Companies, Inc., Q2 2020 Earnings Call, Apr 07, 2020","The Greenbrier Companies, Inc. NYSE:GBX","The Greenbrier Companies, Inc.",NYSE:GBX,FQ2 2020 Earnings Call Transcripts,4/7/20,4/7/20 10:00,"Tuesday, April 07, 2020 3:00 PM GMT","{'EXECUTIVES': ['Adrian J. Downes', 'Justin M. Roberts', 'Lorie L. Tekorius', 'William A. Furman'], 'ANALYSTS': ['Allison Poliniak-Cusic', 'Bascome Majors', 'Justin Trennon Long', 'Kenneth Scott Hoexter', 'Matthew Youssef Elkott', 'Robert Stephen Barger']}","{'Adrian J. Downes': 'Senior VP, CFO & Chief Accounting Officer', 'Justin M. Roberts': 'VP of Corporate Finance & Treasurer', 'Lorie L. Tekorius': 'President & COO', 'William A. Furman': 'Chairman & CEO', 'Allison Poliniak-Cusic': 'Wells Fargo Securities, LLC, Research Division', 'Bascome Majors': 'Susquehanna Financial Group, LLLP, Research Division', 'Justin Trennon Long': 'Stephens Inc., Research Division', 'Kenneth Scott Hoexter': 'BofA Merrill Lynch, Research Division', 'Matthew Youssef Elkott': 'Research Division', 'Robert Stephen Barger': 'KeyBanc Capital Markets Inc., Research Division'}"
32316,0,"Jaguar Health, Inc., Q4 2019 Earnings Call, Apr 06, 2020","Jaguar Health, Inc. NasdaqCM:JAGX","Jaguar Health, Inc.",NasdaqCM:JAGX,FQ4 2019 Earnings Call Transcripts,4/6/20,4/6/20 7:30,"Monday, April 06, 2020 12:30 PM GMT","{'EXECUTIVES': ['Carol R. Lizak', 'Ian Wendt', 'Lisa A. Conte', 'Pravin R. Chaturvedi', 'Steven R. King']}","{'Carol R. Lizak': 'Senior VP of Finance & Chief Accounting Officer', 'Ian Wendt': 'Vice President Commercial Strategy', 'Lisa A. Conte': 'Founder, CEO, President & Director', 'Pravin R. Chaturvedi': 'Chair of Scientific Advisory Board & Acting Chief Scientific Officer', 'Steven R. King': 'Chief Sustainable Supply, Ethnobotanical Research & Intellectual Property and Secretary'}"
162233,0,"Digital Ally, Inc., Q4 2019 Earnings Call, Apr 06, 2020","Digital Ally, Inc. NasdaqCM:DGLY","Digital Ally, Inc.",NasdaqCM:DGLY,FQ4 2019 Earnings Call Transcripts,4/6/20,4/6/20 10:15,"Monday, April 06, 2020 3:15 PM GMT","{'EXECUTIVES': ['Stanton E. Ross', 'Thomas J. Heckman'], 'ANALYSTS': ['Allan Lyons;Vestal Venture Capital;Managing Partner', 'Brian David Kinstlinger', 'Bryan Preston Lubitz']}","{'Stanton E. Ross': 'Chairman, President & CEO', 'Thomas J. Heckman': 'CFO, VP, Treasurer & Secretary', 'Allan Lyons;Vestal Venture Capital;Managing Partner': '', 'Brian David Kinstlinger': 'Alliance Global Partners, Research Division', 'Bryan Preston Lubitz': 'Aegis Capital Corporation, Research Division'}"
105394,0,"PaySign, Inc., 2019 Earnings Call, Apr 06, 2020","PaySign, Inc. NasdaqCM:PAYS","PaySign, Inc.",NasdaqCM:PAYS,FY 2019 Earnings Call Transcripts,4/6/20,4/6/20 11:00,"Monday, April 06, 2020 4:00 PM GMT","{'EXECUTIVES': ['Mark Kenneth Attinger', 'Mark R. Newcomer'], 'ANALYSTS': ['Austin William Moldow', 'Jon Robert Hickman', 'Peter James Heckmann']}","{'Mark Kenneth Attinger': 'Chief Financial Officer', 'Mark R. Newcomer': 'Co-Founder, Vice-Chairman, President & CEO', 'Austin William Moldow': 'Canaccord Genuity Corp., Research Division', 'Jon Robert Hickman': 'Ladenburg Thalmann & Co. Inc., Research Division', 'Peter James Heckmann': 'D.A. Davidson & Co., Research Division'}"
27576,0,"The Simply Good Foods Company, Q2 2020 Earnings Call, Apr 06, 2020",The Simply Good Foods Company NasdaqCM:SMPL,The Simply Good Foods Company,NasdaqCM:SMPL,FQ2 2020 Earnings Call Transcripts,4/6/20,4/6/20 7:30,"Monday, April 06, 2020 12:30 PM GMT","{'EXECUTIVES': ['Joseph E. Scalzo', 'Mark Pogharian', 'Todd E. Cunfer'], 'ANALYSTS': ['Alexia Jane Burland Howard', 'Christopher Robert Growe', 'Faiza Alwy', 'Jason M. English', 'John Joseph Baumgartner', 'Robert Frederick Dickerson']}","{'Joseph E. Scalzo': 'CEO, President & Director', 'Mark Pogharian': 'Vice President of Investor Relations, Treasury & Business Development', 'Todd E. Cunfer': 'Chief Financial Officer', 'Alexia Jane Burland Howard': 'Sanford C. Bernstein & Co., LLC., Research Division', 'Christopher Robert Growe': 'Stifel, Nicolaus & Company, Incorporated, Research Division', 'Faiza Alwy': 'Deutsche Bank AG, Research Division', 'Jason M. English': 'Goldman Sachs Group Inc., Research Division', 'John Joseph Baumgartner': 'Wells Fargo Securities, LLC, Research Division', 'Robert Frederick Dickerson': 'Jefferies LLC, Research Division'}"
63938,0,"SeaChange International, Inc., Q4 2020 Earnings Call, Apr 06, 2020","SeaChange International, Inc. NasdaqGS:SEAC","SeaChange International, Inc.",NasdaqGS:SEAC,FQ4 2020 Earnings Call Transcripts,4/6/20,4/6/20 16:00,"Monday, April 06, 2020 9:00 PM GMT","{'EXECUTIVES': ['Chad A. Hassler', 'Michael D. Prinn', 'Yosef Aloni'], 'ANALYSTS': ['George Marema', 'Jaeson Allen Min Schmidt', 'Steven Bruce Frankel']}","{'Chad A. Hassler': 'Chief Commercial Officer', 'Michael D. Prinn': 'CFO, Senior VP & Treasurer', 'Yosef Aloni': 'CEO, President & Director', 'George Marema': '', 'Jaeson Allen Min Schmidt': 'Lake Street Capital Markets, LLC, Research Division', 'Steven Bruce Frankel': 'Dougherty & Company LLC, Research Division'}"
34132,0,"Bank7 Corp., Q1 2020 Earnings Call, Apr 30, 2020",Bank7 Corp. NasdaqGS:BSVN,Bank7 Corp.,NasdaqGS:BSVN,FQ1 2020 Earnings Call Transcripts,4/30/20,4/30/20 14:00,"Thursday, April 30, 2020 7:00 PM GMT","{'EXECUTIVES': ['Jason E. Estes', 'John T. Phillips', 'Kelly J. Harris', 'Thomas L. Travis', 'William Bradford Haines'], 'ANALYSTS': ['Brady Matthew Gailey', 'Matthew Covington Olney', 'Nathan James Race', 'Timothy Abbott']}","{'Jason E. Estes': 'Executive VP & Chief Credit Officer', 'John T. Phillips': 'Vice Chairman, Senior Executive VP, Secretary & COO', 'Kelly J. Harris': 'Senior VP & CFO', 'Thomas L. Travis': 'President, CEO & Director', 'William Bradford Haines': 'Executive Chairman of the Board', 'Brady Matthew Gailey': 'Keefe, Bruyette, & Woods, Inc., Research Division', 'Matthew Covington Olney': 'Stephens Inc., Research Division', 'Nathan James Race': 'Piper Sandler & Co., Research Division', 'Timothy Abbott': ''}"
34443,0,"Dow Inc., Q1 2020 Earnings Call, Apr 30, 2020",Dow Inc. NYSE:DOW,Dow Inc.,NYSE:DOW,FQ1 2020 Earnings Call Transcripts,4/30/20,4/30/20 7:00,"Thursday, April 30, 2020 12:00 PM GMT","{'EXECUTIVES': ['Colleen Kay', 'Howard I. Ungerleider', 'James R. Fitterling'], 'ANALYSTS': ['Arun Shankar Viswanathan', 'Christopher S. Parkinson', 'Frank Joseph Mitsch', 'Hassan Ijaz Ahmed', 'Jeffrey John Zekauskas', 'John Ezekiel E. Roberts', 'John Patrick McNulty', 'Jonas I. Oxgaard']}","{'Colleen Kay': 'Vice President of Investor Relations', 'Howard I. Ungerleider': 'President & CFO', 'James R. Fitterling': 'CEO & Chairman', 'Arun Shankar Viswanathan': 'RBC Capital Markets, Research Division', 'Christopher S. Parkinson': 'CrÃ©dit Suisse AG, Research Division', 'Frank Joseph Mitsch': 'Fermium Research, LLC', 'Hassan Ijaz Ahmed': 'Alembic Global Advisors', 'Jeffrey John Zekauskas': 'JP Morgan Chase & Co, Research Division', 'John Ezekiel E. Roberts': 'UBS Investment Bank, Research Division', 'John Patrick McNulty': 'BMO Capital Markets Equity Research', 'Jonas I. Oxgaard': 'Sanford C. Bernstein & Co., LLC., Research Division'}"
3761,0,"Data IO Corporation, Q1 2020 Earnings Call, Apr 30, 2020",Data I/O Corporation NasdaqCM:DAIO,Data I/O Corporation,NasdaqCM:DAIO,FQ1 2020 Earnings Call Transcripts,4/30/20,4/30/20 16:00,"Thursday, April 30, 2020 9:00 PM GMT","{'EXECUTIVES': ['Anthony Ambrose', 'Joel S. Hatlen'], 'ANALYSTS': ['Avram Fisher', 'George Melas-Kyriazi', 'Jaeson Allen Min Schmidt', 'Mark B. Spiegel', 'Unknown Analyst', 'SHAREHOLDERS', 'Unknown Shareholder'], 'ATTENDEES': ['Jordan M. Darrow']}","{'Anthony Ambrose': 'President, CEO & Director', 'Joel S. Hatlen': 'Chief Operating & Financial Officer, VP of Operations & Finance, Treasurer and Secretary', 'Avram Fisher': '', 'George Melas-Kyriazi': 'MKH Management Company, LLC', 'Jaeson Allen Min Schmidt': 'Lake Street Capital Markets, LLC, Research Division', 'Mark B. Spiegel': 'Stanphyl Capital Management', 'Unknown Analyst': '', 'SHAREHOLDERS': '', 'Unknown Shareholder': '', 'Jordan M. Darrow': 'Darrow Associates Inc.'}"
22039,0,"Syneos Health, Inc., Q1 2020 Earnings Call, Apr 30, 2020","Syneos Health, Inc. NasdaqGS:SYNH","Syneos Health, Inc.",NasdaqGS:SYNH,FQ1 2020 Earnings Call Transcripts,4/30/20,4/30/20 7:00,"Thursday, April 30, 2020 12:00 PM GMT","{'EXECUTIVES': ['Alistair Macdonald', 'Jason M. Meggs', 'Michelle Keefe', 'Erin Elizabeth Wilson Wright', 'Paul D. Colvin', 'Jack Rogoff', 'Ronnie Speight'], 'ANALYSTS': ['Alexander Yearley Draper', 'John Charles Kreger', 'Patrick Bernard Donnelly', 'Daniel Gregory Brennan', 'Stephen C. Baxter', 'David Howard Windley', 'Tycho W. Peterson', 'Donald Houghton Hooker', 'Elizabeth Hammell Anderson', 'Eric White Coldwell']}","{'Alistair Macdonald': 'CEO & Director', 'Jason M. Meggs': 'Chief Financial Officer', 'Michelle Keefe': 'President of Commercial Solutions', 'Erin Elizabeth Wilson Wright': 'CrÃ©dit Suisse AG, Research Division', 'Paul D. Colvin': 'President of Clinical Solutions', 'Jack Rogoff': 'Goldman Sachs Group Inc., Research Division', 'Ronnie Speight': 'Senior Vice President of Investor Relations', 'Alexander Yearley Draper': 'SunTrust Robinson Humphrey, Inc., Research Division', 'John Charles Kreger': 'William Blair & Company L.L.C., Research Division', 'Patrick Bernard Donnelly': 'Citigroup Inc, Research Division', 'Daniel Gregory Brennan': 'UBS Investment Bank, Research Division', 'Stephen C. Baxter': 'Wolfe Research, LLC', 'David Howard Windley': 'Jefferies LLC, Research Division', 'Tycho W. Peterson': 'JP Morgan Chase & Co, Research Division', 'Donald Houghton Hooker': 'KeyBanc Capital Markets Inc., Research Division', 'Elizabeth Hammell Anderson': 'Evercore ISI Institutional Equities, Research Division', 'Eric White Coldwell': 'Robert W. Baird & Co. Incorporated, Research Division'}"
20945,0,"IRadimed Corporation, Q1 2020 Earnings Call, Apr 30, 2020",IRadimed Corporation NasdaqCM:IRMD,IRadimed Corporation,NasdaqCM:IRMD,FQ1 2020 Earnings Call Transcripts,4/30/20,4/30/20 10:00,"Thursday, April 30, 2020 3:00 PM GMT","{'EXECUTIVES': ['Christopher K. Scott', 'Leslie L. McDonnell'], 'ANALYSTS': ['Lisa Springer', 'Scott Robert Henry']}","{'Christopher K. Scott': 'CFO & Secretary', 'Leslie L. McDonnell': 'President, CEO & Director', 'Lisa Springer': 'Singular Research, LLC', 'Scott Robert Henry': 'Roth Capital Partners, LLC, Research Division'}"
33625,0,"Amalgamated Bank, Q1 2020 Earnings Call, Apr 30, 2020",Amalgamated Bank NasdaqGM:AMAL,Amalgamated Bank,NasdaqGM:AMAL,FQ1 2020 Earnings Call Transcripts,4/30/20,4/30/20 9:00,"Thursday, April 30, 2020 2:00 PM GMT","{'EXECUTIVES': ['Andrew LaBenne', 'Drew Labenne', 'Keith R. Mestrich'], 'ANALYSTS': [""Christopher Thomas O'Connell"", 'Steven A. Alexopoulos']}","{'Andrew LaBenne': 'Senior Executive VP & CFO', 'Drew Labenne': '', 'Keith R. Mestrich': 'President, CEO & Director', ""Christopher Thomas O'Connell"": 'Keefe, Bruyette, & Woods, Inc., Research Division', 'Steven A. Alexopoulos': 'JP Morgan Chase & Co, Research Division'}"
22000,0,"Workiva Inc., Q1 2020 Earnings Call, Apr 30, 2020",Workiva Inc. NYSE:WK,Workiva Inc.,NYSE:WK,FQ1 2020 Earnings Call Transcripts,4/30/20,4/30/20 16:00,"Thursday, April 30, 2020 9:00 PM GMT","{'EXECUTIVES': ['Adam Terese', 'J. Stuart Miller', 'Martin J. Vanderploeg'], 'ANALYSTS': ['Alexander James Sklar', 'Matthew Steven Lemenager', 'Michael Pochucha', 'Sarah Marie Quander', 'Terrell Frederick Tillman', 'Thomas Michael Roderick']}","{'Adam Terese': 'Director of Corporate Development and Investor Relations', 'J. Stuart Miller': 'Executive VP & CFO', 'Martin J. Vanderploeg': 'President, CEO & Director', 'Alexander James Sklar': 'Raymond James & Associates, Inc., Research Division', 'Matthew Steven Lemenager': 'Robert W. Baird & Co. Incorporated, Research Division', 'Michael Pochucha': 'Northland Capital Markets, Research Division', 'Sarah Marie Quander': 'Morgan Stanley, Research Division', 'Terrell Frederick Tillman': 'SunTrust Robinson Humphrey, Inc., Research Division', 'Thomas Michael Roderick': 'Incorporated, Research Division'}"
105670,0,"Brookline Bancorp, Inc., Q1 2020 Earnings Call, Apr 30, 2020","Brookline Bancorp, Inc. NasdaqGS:BRKL","Brookline Bancorp, Inc.",NasdaqGS:BRKL,FQ1 2020 Earnings Call Transcripts,4/30/20,4/30/20 12:30,"Thursday, April 30, 2020 5:30 PM GMT","{'EXECUTIVES': ['Carl M. Carlson', 'M. Robert Rose', 'Marissa Martin', 'Paul A. Perrault'], 'ANALYSTS': ['Collyn Bement Gilbert', 'Laurie Katherine Havener Hunsicker', 'Mark Thomas Fitzgibbon']}","{'Carl M. Carlson': 'Chief Financial Officer', 'M. Robert Rose': 'Chief Credit Officer', 'Marissa Martin': 'Associate General Counsel', 'Paul A. Perrault': 'President, CEO & Director', 'Collyn Bement Gilbert': 'Keefe, Bruyette, & Woods, Inc., Research Division', 'Laurie Katherine Havener Hunsicker': 'Compass Point Research & Trading, LLC, Research Division', 'Mark Thomas Fitzgibbon': 'Piper Sandler & Co., Research Division'}"
14891,0,"MGP Ingredients, Inc., Q1 2020 Earnings Call, Apr 30, 2020","MGP Ingredients, Inc. NasdaqGS:MGPI","MGP Ingredients, Inc.",NasdaqGS:MGPI,FQ1 2020 Earnings Call Transcripts,4/30/20,4/30/20 9:00,"Thursday, April 30, 2020 2:00 PM GMT","{'EXECUTIVES': ['Augustus C. Griffin', 'Brandon M. Gall', 'Dave Colo', 'Mike Houston'], 'ANALYSTS': ['Alex Joseph Fuhrman', 'Benjamin David Klieve', 'William Bates Chappell']}","{'Augustus C. Griffin': 'CEO & Director', 'Brandon M. Gall': 'VP of Finance & CFO', 'Dave Colo': '', 'Mike Houston': '', 'Alex Joseph Fuhrman': 'Craig-Hallum Capital Group LLC, Research Division', 'Benjamin David Klieve': 'National Securities Corporation, Research Division', 'William Bates Chappell': 'SunTrust Robinson Humphrey, Inc., Research Division'}"
